token,domain,initial_context
GTI_Method,AI/ML,A novel method for initializing tokens in large language models.
QuantumEntanglementProcessor,Physics/Computing,A new type of processor leveraging quantum entanglement.
EcoBotaniX,BioTech,A system for automated, sustainable vertical farming.
HyperScaleAPI,Software,An API designed for extremely high throughput and low latency.
NeuralHarmonizer,Music/AI,An AI-driven tool for generating harmonious musical compositions.
AetherNet,Networking,A conceptual future internet architecture.
BioLumigen,Material Science,A new material capable of emitting biological light.
DataWeaver,Data Engineering,A tool for seamlessly integrating disparate data sources.
OmniTranslate,Language AI,A universal translation system capable of handling obscure languages.
ChronoSync,Time Management,A personal assistant that optimizes schedules across multiple timezones.